<?xml version="1.0" encoding="UTF-8"?>
<root>
  <item name="de.morrox.fontinator.FontAutoCompleteTextView void setFont(int) 0">
    <annotation name="android.support.annotation.StringRes" />
  </item>
  <item name="de.morrox.fontinator.FontButton void setFont(int) 0">
    <annotation name="android.support.annotation.StringRes" />
  </item>
  <item name="de.morrox.fontinator.FontCheckBox void setFont(int) 0">
    <annotation name="android.support.annotation.StringRes" />
  </item>
  <item name="de.morrox.fontinator.FontCheckedTextView void setFont(int) 0">
    <annotation name="android.support.annotation.StringRes" />
  </item>
  <item name="de.morrox.fontinator.FontChronometer void setFont(int) 0">
    <annotation name="android.support.annotation.StringRes" />
  </item>
  <item name="de.morrox.fontinator.FontEditText void setFont(int) 0">
    <annotation name="android.support.annotation.StringRes" />
  </item>
  <item name="de.morrox.fontinator.FontRadioButton void setFont(int) 0">
    <annotation name="android.support.annotation.StringRes" />
  </item>
  <item name="de.morrox.fontinator.FontSwitch void setFont(int) 0">
    <annotation name="android.support.annotation.StringRes" />
  </item>
  <item name="de.morrox.fontinator.FontTextClock void setFont(int) 0">
    <annotation name="android.support.annotation.StringRes" />
  </item>
  <item name="de.morrox.fontinator.FontTextView void setFont(int) 0">
    <annotation name="android.support.annotation.StringRes" />
  </item>
  <item name="de.morrox.fontinator.FontToggleButton void setFont(int) 0">
    <annotation name="android.support.annotation.StringRes" />
  </item>
</root>

